votes,naive_100pct,wilson_100pct,naive_95pct,wilson_95pct
1,1.0,0.2065,1.0,0.2065
2,1.0,0.3424,1.0,0.3424
3,1.0,0.4385,1.0,0.4385
4,1.0,0.5101,1.0,0.5101
5,1.0,0.5655,1.0,0.5655
6,1.0,0.6097,1.0,0.6097
7,1.0,0.6457,1.0,0.6457
8,1.0,0.6756,1.0,0.6756
9,1.0,0.7009,1.0,0.7009
10,1.0,0.7225,1.0,0.7225
11,1.0,0.7412,0.9091,0.6226
12,1.0,0.7575,0.9167,0.6461
13,1.0,0.7719,0.9231,0.6669
14,1.0,0.7847,0.9286,0.6853
15,1.0,0.7961,0.9333,0.7018
16,1.0,0.8064,0.9375,0.7167
17,1.0,0.8157,0.9412,0.7302
18,1.0,0.8241,0.9444,0.7424
19,1.0,0.8318,0.9474,0.7536
20,1.0,0.8389,0.95,0.7639
21,1.0,0.8454,0.9524,0.7733
22,1.0,0.8513,0.9545,0.782
23,1.0,0.8569,0.9565,0.7901
24,1.0,0.862,0.9583,0.7976
25,1.0,0.8668,0.96,0.8046
26,1.0,0.8713,0.9615,0.8111
27,1.0,0.8754,0.963,0.8172
28,1.0,0.8794,0.9643,0.8229
29,1.0,0.883,0.9655,0.8282
30,1.0,0.8865,0.9333,0.7868
31,1.0,0.8897,0.9355,0.7928
32,1.0,0.8928,0.9375,0.7985
33,1.0,0.8957,0.9394,0.8039
34,1.0,0.8985,0.9412,0.8091
35,1.0,0.9011,0.9429,0.8139
36,1.0,0.9036,0.9444,0.8186
37,1.0,0.9059,0.9459,0.823
38,1.0,0.9082,0.9474,0.8271
39,1.0,0.9103,0.9487,0.8311
40,1.0,0.9124,0.95,0.835
41,1.0,0.9143,0.9512,0.8386
42,1.0,0.9162,0.9524,0.8421
43,1.0,0.918,0.9535,0.8454
44,1.0,0.9197,0.9545,0.8487
45,1.0,0.9213,0.9556,0.8517
46,1.0,0.9229,0.9565,0.8547
47,1.0,0.9244,0.9574,0.8575
48,1.0,0.9259,0.9583,0.8602
49,1.0,0.9273,0.9592,0.8629
50,1.0,0.9287,0.96,0.8654
51,1.0,0.93,0.9412,0.8408
52,1.0,0.9312,0.9423,0.8436
53,1.0,0.9324,0.9434,0.8463
54,1.0,0.9336,0.9444,0.8489
55,1.0,0.9347,0.9455,0.8515
56,1.0,0.9358,0.9464,0.8539
57,1.0,0.9369,0.9474,0.8563
58,1.0,0.9379,0.9483,0.8586
59,1.0,0.9389,0.9492,0.8608
60,1.0,0.9398,0.95,0.863
61,1.0,0.9408,0.9508,0.8651
62,1.0,0.9417,0.9516,0.8671
63,1.0,0.9425,0.9524,0.8691
64,1.0,0.9434,0.9531,0.871
65,1.0,0.9442,0.9538,0.8729
66,1.0,0.945,0.9545,0.8747
67,1.0,0.9458,0.9552,0.8764
68,1.0,0.9465,0.9559,0.8781
69,1.0,0.9473,0.9565,0.8798
70,1.0,0.948,0.9429,0.8621
71,1.0,0.9487,0.9437,0.8639
72,1.0,0.9493,0.9444,0.8657
73,1.0,0.95,0.9452,0.8674
74,1.0,0.9507,0.9459,0.8691
75,1.0,0.9513,0.9467,0.8707
76,1.0,0.9519,0.9474,0.8723
77,1.0,0.9525,0.9481,0.8739
78,1.0,0.9531,0.9487,0.8754
79,1.0,0.9536,0.9494,0.8769
80,1.0,0.9542,0.95,0.8784
81,1.0,0.9547,0.9506,0.8798
82,1.0,0.9552,0.9512,0.8812
83,1.0,0.9558,0.9518,0.8825
84,1.0,0.9563,0.9524,0.8839
85,1.0,0.9568,0.9529,0.8852
86,1.0,0.9572,0.9535,0.8864
87,1.0,0.9577,0.954,0.8877
88,1.0,0.9582,0.9545,0.8889
89,1.0,0.9586,0.9551,0.8901
90,1.0,0.9591,0.9556,0.8912
91,1.0,0.9595,0.9451,0.8778
92,1.0,0.9599,0.9457,0.879
93,1.0,0.9603,0.9462,0.8803
94,1.0,0.9607,0.9468,0.8815
95,1.0,0.9611,0.9474,0.8827
96,1.0,0.9615,0.9479,0.8838
97,1.0,0.9619,0.9485,0.885
98,1.0,0.9623,0.949,0.8861
99,1.0,0.9626,0.9495,0.8872
100,1.0,0.963,0.95,0.8882
101,1.0,0.9634,0.9505,0.8893
102,1.0,0.9637,0.951,0.8903
103,1.0,0.964,0.9515,0.8914
104,1.0,0.9644,0.9519,0.8924
105,1.0,0.9647,0.9524,0.8933
106,1.0,0.965,0.9528,0.8943
107,1.0,0.9653,0.9533,0.8952
108,1.0,0.9657,0.9537,0.8962
109,1.0,0.966,0.9541,0.8971
110,1.0,0.9663,0.9455,0.8861
111,1.0,0.9665,0.9459,0.8871
112,1.0,0.9668,0.9464,0.888
113,1.0,0.9671,0.9469,0.889
114,1.0,0.9674,0.9474,0.8899
115,1.0,0.9677,0.9478,0.8908
116,1.0,0.9679,0.9483,0.8917
117,1.0,0.9682,0.9487,0.8926
118,1.0,0.9685,0.9492,0.8935
119,1.0,0.9687,0.9496,0.8944
120,1.0,0.969,0.95,0.8952
121,1.0,0.9692,0.9504,0.896
122,1.0,0.9695,0.9508,0.8968
123,1.0,0.9697,0.9512,0.8977
124,1.0,0.97,0.9516,0.8984
125,1.0,0.9702,0.952,0.8992
126,1.0,0.9704,0.9524,0.9
127,1.0,0.9706,0.9528,0.9008
128,1.0,0.9709,0.9531,0.9015
129,1.0,0.9711,0.9535,0.9022
130,1.0,0.9713,0.9538,0.903
131,1.0,0.9715,0.9466,0.8938
132,1.0,0.9717,0.947,0.8946
133,1.0,0.9719,0.9474,0.8953
134,1.0,0.9721,0.9478,0.8961
135,1.0,0.9723,0.9481,0.8968
136,1.0,0.9725,0.9485,0.8976
137,1.0,0.9727,0.9489,0.8983
138,1.0,0.9729,0.9493,0.899
139,1.0,0.9731,0.9496,0.8997
140,1.0,0.9733,0.95,0.9004
141,1.0,0.9735,0.9504,0.9011
142,1.0,0.9737,0.9507,0.9017
143,1.0,0.9738,0.951,0.9024
144,1.0,0.974,0.9514,0.9031
145,1.0,0.9742,0.9517,0.9037
146,1.0,0.9744,0.9521,0.9043
147,1.0,0.9745,0.9524,0.905
148,1.0,0.9747,0.9527,0.9056
149,1.0,0.9749,0.953,0.9062
150,1.0,0.975,0.9467,0.8983
151,1.0,0.9752,0.947,0.8989
152,1.0,0.9754,0.9474,0.8996
153,1.0,0.9755,0.9477,0.9002
154,1.0,0.9757,0.9481,0.9008
155,1.0,0.9758,0.9484,0.9015
156,1.0,0.976,0.9487,0.9021
157,1.0,0.9761,0.949,0.9027
158,1.0,0.9763,0.9494,0.9033
159,1.0,0.9764,0.9497,0.9039
160,1.0,0.9766,0.95,0.9044
161,1.0,0.9767,0.9503,0.905
162,1.0,0.9768,0.9506,0.9056
163,1.0,0.977,0.9509,0.9062
164,1.0,0.9771,0.9512,0.9067
165,1.0,0.9772,0.9515,0.9073
166,1.0,0.9774,0.9518,0.9078
167,1.0,0.9775,0.9521,0.9083
168,1.0,0.9776,0.9524,0.9089
169,1.0,0.9778,0.9527,0.9094
170,1.0,0.9779,0.9529,0.9099
171,1.0,0.978,0.9474,0.903
172,1.0,0.9782,0.9477,0.9036
173,1.0,0.9783,0.948,0.9041
174,1.0,0.9784,0.9483,0.9046
175,1.0,0.9785,0.9486,0.9052
176,1.0,0.9786,0.9489,0.9057
177,1.0,0.9788,0.9492,0.9062
178,1.0,0.9789,0.9494,0.9067
179,1.0,0.979,0.9497,0.9072
180,1.0,0.9791,0.95,0.9077
181,1.0,0.9792,0.9503,0.9082
182,1.0,0.9793,0.9505,0.9087
183,1.0,0.9794,0.9508,0.9092
184,1.0,0.9795,0.9511,0.9097
185,1.0,0.9797,0.9514,0.9101
186,1.0,0.9798,0.9516,0.9106
187,1.0,0.9799,0.9519,0.9111
188,1.0,0.98,0.9521,0.9115
189,1.0,0.9801,0.9524,0.912
190,1.0,0.9802,0.9474,0.9058
191,1.0,0.9803,0.9476,0.9063
192,1.0,0.9804,0.9479,0.9068
193,1.0,0.9805,0.9482,0.9073
194,1.0,0.9806,0.9485,0.9077
195,1.0,0.9807,0.9487,0.9082
196,1.0,0.9808,0.949,0.9086
197,1.0,0.9809,0.9492,0.9091
198,1.0,0.981,0.9495,0.9095
199,1.0,0.9811,0.9497,0.91
200,1.0,0.9812,0.95,0.9104
